""	"CD4"	"CD8"	"Macrophages"
"TCGA-27-1833-01"	-0.503870547892236	-0.598342042980414	-0.246499092164627
"TCGA-06-0881-01"	-0.376164779438224	-0.346179899944019	0.139421883223332
"TCGA-27-1831-01"	-0.433273328440477	-0.452123666907628	-0.145707795049932
"TCGA-16-1060-01"	-0.446407642367654	-0.527745185568205	-0.194477439276037
"TCGA-02-0258-01"	-0.523554357190605	-0.583944340088257	-0.494021126195436
"TCGA-06-0238-01"	-0.47187655936932	-0.459936970864935	-0.222960619541529
"TCGA-06-0125-01"	-0.538610155443057	-0.656129463406452	-0.364426785109991
"TCGA-12-1099-01"	-0.540845161487288	-0.590427341995872	-0.337534409010314
"TCGA-06-0216-01"	-0.498423251301721	-0.603883046331155	-0.340758084671981
"TCGA-08-0245-01"	-0.527083793039521	-0.570040802853425	-0.296456838720462
"TCGA-19-1787-01"	-0.512694354184192	-0.566761019670362	-0.195201765967603
"TCGA-08-0373-01"	-0.515024217569542	-0.603245401259606	-0.223316071947298
"TCGA-28-5213-01"	-0.401146536794389	-0.309860480693676	-0.119385659361256
"TCGA-28-1760-01"	-0.476255940000504	-0.550832839546688	-0.217572184205328
"TCGA-08-0514-01"	-0.529613218665585	-0.618070528948808	-0.297982093296504
"TCGA-14-0812-01"	-0.497811778546353	-0.556381110573925	-0.179259611581224
"TCGA-76-4932-01"	-0.503243390763199	-0.598277806055998	-0.401480234071331
"TCGA-02-0014-01"	-0.568843723935639	-0.590671175444601	-0.50350423441799
"TCGA-08-0392-01"	-0.484113519155692	-0.48472316823178	-0.213309228068726
"TCGA-06-5412-01"	-0.437316775202109	-0.441354442251733	-0.0935746256373406
"TCGA-15-1446-01"	-0.520775240496465	-0.54227227481716	-0.27902705516869
"TCGA-16-1045-01"	-0.405113274518458	-0.480618171013976	-0.0182549824397744
"TCGA-06-0141-01"	-0.410922594772667	-0.439582199310579	0.0181508145366249
"TCGA-12-0657-01"	-0.487368317011549	-0.599167314390625	-0.247611530522613
"TCGA-19-5960-01"	-0.526983711317455	-0.648972626101791	-0.362116095376442
"TCGA-28-1753-01"	-0.47235283408121	-0.484032731998656	-0.0109952260927636
"TCGA-08-0520-01"	-0.481098974413177	-0.573080234244778	-0.352368833137321
"TCGA-32-2498-01"	-0.497491573806215	-0.511932829581119	-0.170339933534282
"TCGA-02-0038-01"	-0.545780058853959	-0.505555682284602	-0.551861520032829
"TCGA-06-0168-01"	-0.45274843695798	-0.529983168009089	-0.0985035819765882
"TCGA-12-0821-01"	-0.534557981702999	-0.644819609888824	-0.325958778188722
"TCGA-32-1986-01"	-0.481064221796521	-0.557118914295187	-0.21881317721204
"TCGA-06-2567-01"	-0.468139275149657	-0.474934676120083	-0.152621276827413
"TCGA-27-2526-01"	-0.381390638792344	-0.394474228176876	-0.197579211304777
"TCGA-19-1389-01"	-0.495899208486312	-0.571809000549482	-0.137635513988022
"TCGA-02-0010-01"	-0.513544178052412	-0.588079179780332	-0.458055983287551
"TCGA-19-5951-01"	-0.49830570513412	-0.621882616770312	-0.259302634541745
"TCGA-06-0195-01"	-0.518606807605662	-0.548115103445593	-0.262701159219529
"TCGA-12-5295-01"	-0.417267595589954	-0.433302666245081	-0.149913883932906
"TCGA-12-3650-01"	-0.497955772891149	-0.565987185554803	-0.306406910216515
"TCGA-28-5220-01"	-0.490332842598431	-0.557220408505212	-0.297954682130498
"TCGA-02-0059-01"	-0.38320173170389	-0.377692359989671	-0.108591653605497
"TCGA-19-1392-01"	-0.504708116323114	-0.606747862499594	-0.415600212592975
"TCGA-32-2494-01"	-0.500002306816346	-0.547421686216622	-0.120165130221038
"TCGA-32-2616-01"	-0.531979007228762	-0.579410345873536	-0.239156100247029
"TCGA-12-1602-01"	-0.511544149369535	-0.583276074865766	-0.284017775197946
"TCGA-02-0051-01"	-0.42052904331101	-0.440682680350369	-0.061688182170382
"TCGA-02-0115-01"	-0.559333616881081	-0.637432034397763	-0.196200682194774
"TCGA-12-3653-01"	-0.498423754964974	-0.561238819656256	-0.187675817010368
"TCGA-08-0353-01"	-0.549014272117171	-0.619482236415097	-0.363765176966734
"TCGA-06-5856-01"	-0.504090084376042	-0.604055606560433	-0.256371477369188
"TCGA-06-0188-01"	-0.546328024961865	-0.637265042379551	-0.303320494825808
"TCGA-06-0174-01"	-0.547040195588012	-0.604320022075742	-0.366492646302074
"TCGA-12-0688-01"	-0.509221311143736	-0.591466702179859	-0.324699253556369
"TCGA-02-0422-01"	-0.534244235064842	-0.605627588887273	-0.280336657657158
"TCGA-14-1794-01"	-0.518546278968616	-0.582452320818117	-0.285731995447211
"TCGA-27-1838-01"	-0.503560320497821	-0.592192578363352	-0.196213437425008
"TCGA-76-4926-01"	-0.488517782899731	-0.58227295651436	-0.247799415548596
"TCGA-32-1970-01"	-0.537799046266345	-0.621510096677008	-0.308131522500431
"TCGA-14-0789-01"	-0.420859361061579	-0.476241981743478	-0.0961560742486733
"TCGA-02-0260-01"	-0.518918353746887	-0.638585956967181	-0.399688053044654
"TCGA-26-5133-01"	-0.499677669675715	-0.59655039425278	-0.386050486706966
"TCGA-06-0206-01"	-0.377584083908519	-0.347909534153669	-0.0318446064091179
"TCGA-19-2631-01"	-0.524070760752436	-0.669291583696003	-0.377326384469009
"TCGA-02-0432-01"	-0.504978119289427	-0.576648935894768	-0.392169035135497
"TCGA-19-1790-01"	-0.449046621457629	-0.520815502479995	-0.0571774972333441
"TCGA-12-1090-01"	-0.508187385512191	-0.615022340226449	-0.326627778389967
"TCGA-06-0397-01"	-0.51403318330562	-0.58120391898048	-0.279570273042204
"TCGA-14-0866-01"	-0.530578257933142	-0.581452615707234	-0.281167396014191
"TCGA-14-1401-01"	-0.515222878307498	-0.555238244766955	-0.220993392498919
"TCGA-06-1084-01"	-0.32259907420686	-0.290729777307519	-0.0436094016259351
"TCGA-19-2621-01"	-0.549213060838831	-0.622760691267101	-0.246468765861823
"TCGA-12-0707-01"	-0.536672308044129	-0.60552354031907	-0.266307801992379
"TCGA-08-0349-01"	-0.529657582981423	-0.573219111334379	-0.253573965325501
"TCGA-02-0337-01"	-0.503625638874476	-0.542196154037514	-0.183868498451221
"TCGA-06-0138-01"	-0.440371709154754	-0.493811777476449	-0.129457387833354
"TCGA-28-5208-01"	-0.236971995946402	-0.0429674203955346	-0.0643066778606545
"TCGA-06-0171-01"	-0.456219831064934	-0.511206233715167	-0.229288369604709
"TCGA-32-4719-01"	-0.509335540833267	-0.615654003950802	-0.245305969159323
"TCGA-06-0182-01"	-0.494307906645165	-0.523062732632794	-0.186060657230424
"TCGA-02-0330-01"	-0.449842785428136	-0.463305529704101	-0.153581231768476
"TCGA-28-1757-01"	-0.519168522039609	-0.60309029753684	-0.322314372636686
"TCGA-06-2562-01"	-0.540652668837529	-0.620183112457501	-0.289157381104013
"TCGA-32-4211-01"	-0.507580272869509	-0.520190245714946	-0.217996422782353
"TCGA-14-1454-01"	-0.551582577949812	-0.626028392234665	-0.405415968138217
"TCGA-12-5299-01"	-0.499650310225434	-0.60725178223499	-0.195865962491702
"TCGA-19-1386-01"	-0.506649480150003	-0.594489817186402	-0.358657788196886
"TCGA-02-0290-01"	-0.433425897252216	-0.461383412719479	-0.24801476375207
"TCGA-19-1786-01"	-0.539158384576921	-0.603705753722708	-0.330340470926714
"TCGA-32-2638-01"	-0.48127561925488	-0.546204460729235	-0.173413342190138
"TCGA-27-2527-01"	-0.475433785374446	-0.534929630188412	-0.146933985266108
"TCGA-26-1440-01"	-0.536882449156786	-0.632041821155033	-0.296247377097451
"TCGA-06-5408-01"	-0.495759732993904	-0.628319898727241	-0.267423499623695
"TCGA-16-0848-01"	-0.447973673205394	-0.47560154376019	-0.230041877386482
"TCGA-76-6285-01"	-0.525491318559951	-0.616931579996926	-0.292015946765477
"TCGA-08-0357-01"	-0.496686824523603	-0.5918488691047	-0.258890934114984
"TCGA-02-0332-01"	-0.385280895583341	-0.331775319477061	-0.114802466923958
"TCGA-08-0386-01"	-0.599764439197303	-0.701956281398511	-0.396821291403271
"TCGA-02-0026-01"	-0.562629184772839	-0.642551611137521	-0.372655081220046
"TCGA-32-1987-01"	-0.489477039788897	-0.49372295101319	-0.0954936477775234
"TCGA-28-1749-01"	-0.515018195857671	-0.581036113100188	-0.364793807860682
"TCGA-02-0446-01"	-0.516082556254708	-0.564472194182656	-0.176800254500875
"TCGA-27-1836-01"	-0.524237437409827	-0.543151172868265	-0.211121029990842
"TCGA-06-0678-11"	-0.516807397769945	-0.563448462321617	-0.428398262564572
"TCGA-02-0025-01"	-0.248770750305554	-0.119762564952768	0.0241668392705973
"TCGA-26-5132-01"	-0.519509754651284	-0.584947637908223	-0.248327119276749
"TCGA-12-0692-01"	-0.504981072991662	-0.610492575521672	-0.274851369519696
"TCGA-06-0876-01"	-0.495027916286898	-0.536281923636507	-0.2203225973907
"TCGA-12-1094-01"	-0.467290104960399	-0.548178278533779	-0.155665346005141
"TCGA-08-0359-01"	-0.514789060443398	-0.606873224814462	-0.276557985895165
"TCGA-08-0389-01"	-0.454101404479338	-0.500848449975821	-0.115592767948539
"TCGA-06-1802-01"	-0.475330511618411	-0.550887859929679	-0.199933903418053
"TCGA-06-0241-01"	-0.517111633810137	-0.533990812332987	-0.34885942297784
"TCGA-06-5410-01"	-0.426556978374621	-0.417306657644654	0.133246925396255
"TCGA-12-0827-01"	-0.460646280901862	-0.472532690247598	-0.176182876847417
"TCGA-06-0160-01"	-0.550369808432242	-0.621404235694741	-0.438965134298696
"TCGA-19-5958-01"	-0.561504926832824	-0.646210223767588	-0.306358795653265
"TCGA-06-0413-01"	-0.53176495816414	-0.600434802073758	-0.396999207580181
"TCGA-32-1978-01"	-0.538851581709079	-0.652379652625503	-0.310432352941098
"TCGA-19-2625-01"	-0.543238060979639	-0.655064000645605	-0.315715691287456
"TCGA-06-2565-01"	-0.527101622014063	-0.575373168185449	-0.258120088666787
"TCGA-02-2485-01"	-0.49970879583058	-0.536720647548896	-0.230910246705551
"TCGA-06-0213-01"	-0.437779544542377	-0.475177121404864	-0.09034366470566
"TCGA-12-1599-01"	-0.494344984676509	-0.540851988234907	-0.251126970210665
"TCGA-19-0960-01"	-0.510798278993745	-0.604794228921825	-0.279533096641318
"TCGA-06-0750-01"	-0.498878950274171	-0.569305519285834	-0.171410766730078
"TCGA-02-0015-01"	-0.524667498010583	-0.635863249200622	-0.339715178447599
"TCGA-12-0656-01"	-0.53101919512656	-0.61385591176868	-0.347715511267072
"TCGA-08-0510-01"	-0.503937689493867	-0.591044534235545	-0.208242722907883
"TCGA-12-1597-01"	-0.527244374267257	-0.56739934347121	-0.329072430212612
"TCGA-06-5418-01"	-0.4705261297858	-0.5394202642304	-0.253426976515763
"TCGA-02-0011-01"	-0.208542952957855	-0.220990495661243	-0.0917051640883823
"TCGA-06-6389-01"	-0.443754147139937	-0.401141398243166	-0.247449674439941
"TCGA-08-0345-01"	-0.442327443325799	-0.459769621078654	-0.0904711943980351
"TCGA-06-0132-01"	-0.460811882544931	-0.498483646101592	-0.0534732946478015
"TCGA-28-1747-01"	-0.510484920847034	-0.542844476834267	-0.187285695624407
"TCGA-12-0616-01"	-0.425846048668833	-0.425677875449703	-0.266316905164804
"TCGA-06-5415-01"	-0.484696988931261	-0.552638585551092	-0.309419495200131
"TCGA-06-0402-01"	-0.509611690753855	-0.555341608840542	-0.272600782214605
"TCGA-06-0157-01"	-0.496213845640753	-0.567535079440439	-0.234737443390484
"TCGA-06-0149-01"	-0.449759513100645	-0.462115158630396	-0.144104239758289
"TCGA-12-0620-01"	-0.520859240458354	-0.634867962093537	-0.223307240339537
"TCGA-06-2561-01"	-0.479951022118579	-0.57805434278617	-0.225165894424598
"TCGA-14-2554-01"	-0.452120960624709	-0.524036362534344	-0.21097245263457
"TCGA-02-0084-01"	-0.37432079654021	-0.36148087844102	-0.204448741681315
"TCGA-06-2563-01"	-0.527245450279592	-0.566461762876059	-0.238102130906293
"TCGA-14-1453-01"	-0.48541305018856	-0.478756873238831	-0.227220620387752
"TCGA-14-0783-01"	-0.484107434851918	-0.56692125642602	-0.173254864929599
"TCGA-06-0410-01"	-0.529954184412206	-0.567299203676385	-0.33039287042018
"TCGA-06-0127-01"	-0.499766013424546	-0.547726853075779	-0.203869796382083
"TCGA-06-0173-01"	-0.548778378190267	-0.605356866129882	-0.221119980127179
"TCGA-06-0219-01"	-0.472714915213017	-0.547672260113342	-0.220486488724702
"TCGA-02-0339-01"	-0.50994633409703	-0.541893424838982	-0.46418629768285
"TCGA-28-5219-01"	-0.455982748950057	-0.553622831178521	-0.150779231873764
"TCGA-02-0114-01"	-0.548944388321052	-0.580128865717693	-0.375726651523055
"TCGA-14-3476-01"	-0.423226791195923	-0.396542558312933	-0.248306794441729
"TCGA-14-1452-01"	-0.444538073223938	-0.492221974676519	-0.132558280579626
"TCGA-06-0145-01"	-0.44776479672426	-0.483841313714533	-0.156989097654289
"TCGA-76-4934-01"	-0.478591520150036	-0.518698435931703	-0.3206802731357
"TCGA-32-5222-01"	-0.493175310164666	-0.5345685132872	-0.410950656905811
"TCGA-12-0780-01"	-0.532970564633042	-0.620905683372392	-0.33470366034105
"TCGA-32-4209-01"	-0.458419566810947	-0.486588059066157	-0.184031809530321
"TCGA-02-0271-01"	-0.504259339422868	-0.57281449253121	-0.345597177771623
"TCGA-76-6191-01"	-0.566386492294596	-0.544930990635883	-0.327673635345406
"TCGA-02-0021-01"	-0.488944092959757	-0.583510827181682	-0.463958712681247
"TCGA-14-0787-01"	-0.494355293087792	-0.576630268757489	-0.286010999692951
"TCGA-02-0057-01"	-0.422545609224045	-0.388251987859992	-0.203057397265118
"TCGA-12-0618-01"	-0.538146449403232	-0.633366637449865	-0.436028998955737
"TCGA-26-1799-01"	-0.482526236698149	-0.544833861914346	-0.309815191303008
"TCGA-14-1827-01"	-0.507185094927001	-0.552574748562142	-0.215222815902563
"TCGA-12-0654-01"	-0.475127395949483	-0.484389709965569	-0.241628168264861
"TCGA-12-0703-01"	-0.534646701936182	-0.621223430078932	-0.321964828938505
"TCGA-27-2524-01"	-0.461274822321157	-0.570050050670548	-0.173476008200329
"TCGA-19-1791-01"	-0.530886680940096	-0.648975319086761	-0.426525957485102
"TCGA-28-5215-01"	-0.324118766587516	-0.240989254866652	-0.0368666650919749
"TCGA-06-0194-01"	-0.410469440110163	-0.434994061140687	-0.124072045417607
"TCGA-06-0875-01"	-0.532131002692317	-0.590413721746366	-0.329426352214217
"TCGA-15-1444-01"	-0.543683362638793	-0.604354585645977	-0.260198268986722
"TCGA-06-0877-01"	-0.472804508559233	-0.537163388523551	-0.265393440214567
"TCGA-32-4213-01"	-0.427610128121072	-0.469263142861044	-0.0845472656850742
"TCGA-06-0155-01"	-0.522314938918819	-0.559226797113551	-0.235624522604705
"TCGA-19-2620-01"	-0.564356173719931	-0.647644941020697	-0.311508095778411
"TCGA-28-2502-01"	-0.432453272036578	-0.418000048710975	-0.13115949892767
"TCGA-08-0522-01"	-0.445558045946626	-0.479843506696142	-0.110560878899876
"TCGA-41-4097-01"	-0.492706914018622	-0.534311014080782	-0.233847581588037
"TCGA-02-0001-01"	-0.119155494185897	0.0706610036755247	0.156323879635386
"TCGA-14-4157-01"	-0.556366654598374	-0.587471128811462	-0.521618613673552
"TCGA-02-2466-01"	-0.571182911598098	-0.663727810956479	-0.470081472957845
"TCGA-02-0116-01"	-0.380516255549241	-0.304627266577366	-0.538425682382857
"TCGA-14-1037-01"	-0.489031163577017	-0.500640841416029	-0.158023063803732
"TCGA-15-0742-01"	-0.504276330694105	-0.664889122770091	-0.389652642135943
"TCGA-27-2528-01"	-0.525722124633511	-0.646285947115673	-0.381251362250184
"TCGA-19-5950-01"	-0.538316436029097	-0.65942132571721	-0.275226559494303
"TCGA-02-0043-01"	-0.494706033639312	-0.550514048877801	-0.135995365076592
"TCGA-32-4210-01"	-0.507369048507862	-0.572744766021018	-0.298281582340316
"TCGA-28-1756-01"	-0.530123807247463	-0.539240417737062	-0.374285258844446
"TCGA-02-0456-01"	-0.462269696182283	-0.51917111854132	-0.13439286440894
"TCGA-06-0187-01"	-0.504638024691615	-0.592999533928311	-0.193586608697444
"TCGA-02-2486-01"	-0.407847531068125	-0.38760311079152	-0.0226199697531227
"TCGA-16-0846-01"	-0.459217855360634	-0.475406269317655	-0.11121605569846
"TCGA-06-0221-01"	-0.43929641939676	-0.389000619062011	-0.257489187373596
"TCGA-32-1980-01"	-0.495899640811429	-0.520616974694759	-0.208460576373757
"TCGA-02-0106-01"	-0.478439634577699	-0.51830089334374	-0.155609242501197
"TCGA-16-0861-01"	-0.518064326086053	-0.636464654808882	-0.319564823775259
"TCGA-26-5134-01"	-0.48139297993913	-0.522059410180014	-0.316336722159112
"TCGA-06-0169-01"	-0.391709009092521	-0.452356889827007	-0.0171084775819949
"TCGA-16-1460-01"	-0.487736556889697	-0.569997501831635	-0.341778223271009
"TCGA-06-0649-01"	-0.455362590947673	-0.466693056226027	-0.216104372592645
"TCGA-28-5209-01"	-0.316268874568609	-0.201805254362055	-0.112027874364309
"TCGA-76-4929-01"	-0.495579788618742	-0.555651651993613	-0.283666351931149
"TCGA-06-0137-01"	-0.513127952889594	-0.606154695254538	-0.339568974156511
"TCGA-02-0028-01"	-0.271832337841338	-0.10424621869864	0.172038932573396
"TCGA-02-0324-01"	-0.328926691686697	-0.450983590795521	-0.221397780518008
"TCGA-28-2506-01"	-0.538534604965651	-0.636555685477193	-0.286993647689399
"TCGA-14-0867-01"	-0.501756609830203	-0.62343346784732	-0.226795149502688
"TCGA-06-0744-01"	-0.499306456160482	-0.579852705758725	-0.334451910873285
"TCGA-02-0024-01"	-0.54475509928703	-0.625243665902072	-0.421673872170633
"TCGA-02-0054-01"	-0.486431880951615	-0.471615307822612	-0.201276983083114
"TCGA-08-0358-01"	-0.434822682640339	-0.532801884024407	-0.378835946916987
"TCGA-14-0736-01"	-0.393560243262767	-0.42695300393896	-0.143291743011974
"TCGA-06-0177-01"	-0.52172090117634	-0.576949478219113	-0.281969236671964
"TCGA-32-2632-01"	-0.420404240663141	-0.399407247301139	-0.120689590774598
"TCGA-08-0360-01"	-0.44781683192823	-0.554223711743739	-0.010053334900734
"TCGA-14-1455-01"	-0.473434523615292	-0.445593708786774	-0.25622512172631
"TCGA-19-5955-01"	-0.478717861217279	-0.510085701067833	-0.114357261451442
"TCGA-06-0645-01"	-0.466115556481306	-0.528697142889547	-0.0598791565526714
"TCGA-02-0086-01"	-0.467239720819406	-0.580841184300825	-0.192646725914289
"TCGA-08-0524-01"	-0.505438044926817	-0.561492504421508	-0.497744291153687
"TCGA-06-0240-01"	-0.462662343494042	-0.483719289878123	-0.248044193690135
"TCGA-02-0033-01"	-0.135704507751698	0.0651457173970613	0.139109062307458
"TCGA-27-2518-01"	-0.535298349129058	-0.60661179563795	-0.300591280884611
"TCGA-12-1098-01"	-0.476378202674721	-0.561952593652168	-0.337490338747486
"TCGA-02-0075-01"	-0.476556780747385	-0.497648008224339	-0.214624020692501
"TCGA-12-0775-01"	-0.443707756811622	-0.464556406780638	-0.187701277495743
"TCGA-02-0289-01"	-0.513741197318614	-0.58984852791771	-0.326126873081962
"TCGA-02-0083-01"	-0.570840531789426	-0.646963702989409	-0.262871784421719
"TCGA-06-0140-01"	-0.488179362508202	-0.58414245166596	-0.136877991466021
"TCGA-19-2624-01"	-0.533217215071202	-0.610870154903527	-0.380204329972413
"TCGA-02-0074-01"	-0.546109916276857	-0.646464438264538	-0.334103628063983
"TCGA-08-0351-01"	-0.505432809541607	-0.561266671850973	-0.296916515875728
"TCGA-12-1089-01"	-0.52533220291477	-0.605230052379497	-0.342593712385837
"TCGA-06-5858-01"	-0.581818269301455	-0.680289061241842	-0.274088681871289
"TCGA-28-1746-01"	-0.557198220653262	-0.608164330389433	-0.367935825972462
"TCGA-27-2521-01"	-0.536942259034596	-0.615924093997212	-0.415205284780397
"TCGA-26-1442-01"	-0.549122569751408	-0.58575408814808	-0.361121133448914
"TCGA-12-0822-01"	-0.407533014151361	-0.401225693354081	-0.123848542260411
"TCGA-06-2564-01"	-0.522520194490743	-0.614381011195353	-0.259079287296218
"TCGA-08-0511-01"	-0.502384608925897	-0.589155343619255	-0.260198655153593
"TCGA-14-2555-01"	-0.504454921074877	-0.573480194876741	-0.259088814644034
"TCGA-08-0347-01"	-0.537777838634192	-0.589764616241107	-0.286282417077681
"TCGA-08-0625-11"	-0.515110752644701	-0.571880411485198	-0.464584339432856
"TCGA-08-0355-01"	-0.481296281710138	-0.558417025747306	-0.210196693600254
"TCGA-41-2571-01"	-0.582399087692904	-0.57904816821731	-0.398450347743194
"TCGA-02-0070-01"	-0.500541007031632	-0.58800935765344	-0.231166411813375
"TCGA-02-0113-01"	-0.503436121344256	-0.592037322279432	-0.32002394961898
"TCGA-02-0069-01"	-0.512272621474104	-0.581810465884379	-0.491197980517693
"TCGA-76-6193-01"	-0.382969033683275	-0.433084807263348	0.0151631902549029
"TCGA-02-0009-01"	-0.359385005686886	-0.269906570271246	-0.0370678138996618
"TCGA-06-0148-01"	-0.539066859006115	-0.613598758713543	-0.376768442321588
"TCGA-12-0773-01"	-0.497882125515662	-0.516444753929959	-0.212850591286351
"TCGA-41-2575-01"	-0.542130838190906	-0.579699822718777	-0.343562361998992
"TCGA-06-0133-01"	-0.472852326980441	-0.513544861066269	-0.183465943578996
"TCGA-08-0344-01"	-0.484679939113264	-0.554045691539276	-0.518183415945375
"TCGA-27-1832-01"	-0.402992327246244	-0.441653841420667	-0.140703254232708
"TCGA-02-0079-01"	-0.415735314002056	-0.449875685469195	-0.120091610974744
"TCGA-02-0338-01"	-0.534657625939034	-0.60742571881412	-0.444574256038618
"TCGA-28-5218-01"	-0.527577344572535	-0.550139989392621	-0.275621111410347
"TCGA-14-0786-01"	-0.515733230199401	-0.604091241409098	-0.326257118439379
"TCGA-06-1800-01"	-0.488719576429717	-0.550314253586826	-0.21202393503886
"TCGA-76-4935-01"	-0.503729668235741	-0.578166790695725	-0.266581451707124
"TCGA-14-1795-01"	-0.520623947346385	-0.557845760759972	-0.295245969348696
"TCGA-06-5414-01"	-0.454333090028728	-0.558667778265319	-0.142871448335906
"TCGA-12-1096-01"	-0.441796762282842	-0.434885650308749	-0.0720883926871056
"TCGA-06-5411-01"	-0.543370015998941	-0.562237773280652	-0.300722408365712
"TCGA-06-0211-01"	-0.485176481243199	-0.553439133699294	-0.268807108415047
"TCGA-32-4208-01"	-0.416849227704089	-0.461154176632515	-0.189462244553295
"TCGA-19-1788-01"	-0.553478216272427	-0.625962796216548	-0.395438196324032
"TCGA-06-0146-01"	-0.528428396569765	-0.560226922501604	-0.337397249034276
"TCGA-12-0826-01"	-0.531253011484352	-0.594180108060812	-0.329149255163325
"TCGA-14-1829-01"	-0.429791719177844	-0.439681302819232	-0.230135399665022
"TCGA-06-0122-01"	-0.51407580538125	-0.606947931874838	-0.12100263667215
"TCGA-12-0828-01"	-0.490879384382432	-0.539758903745049	-0.268046432136271
"TCGA-08-0246-01"	-0.494782227511216	-0.599392937168691	-0.189101653824608
"TCGA-06-0126-01"	-0.537958645862902	-0.619212028455406	-0.318607767303917
"TCGA-08-0348-01"	-0.524607547693341	-0.599565912881014	-0.316033202964965
"TCGA-06-0414-01"	-0.572696123823743	-0.659088950542545	-0.349395474168761
"TCGA-26-5139-01"	-0.307432043565232	-0.177647058437818	-0.0858215676499645
"TCGA-16-1047-01"	-0.513755790498942	-0.595098259355907	-0.338897703099652
"TCGA-81-5910-01"	-0.539566704117842	-0.615898489340448	-0.228598651182183
"TCGA-41-3393-01"	-0.529750218330463	-0.627657593052104	-0.154435797474765
"TCGA-28-5214-01"	-0.319595235346952	-0.178765581446944	-0.0941645353241947
"TCGA-14-1456-01"	-0.519734931518329	-0.556941139637862	-0.302456288312423
"TCGA-06-0179-01"	-0.467163963073955	-0.448729231660558	-0.128086486787543
"TCGA-02-0440-01"	-0.553110277875182	-0.550638723069209	-0.281082910607766
"TCGA-32-2615-01"	-0.468957168688042	-0.55170571131091	-0.204854955102367
"TCGA-27-1834-01"	-0.46409758581427	-0.525550413293138	-0.196820207345513
"TCGA-06-0154-01"	-0.450877578290738	-0.520092628011494	-0.139904464104767
"TCGA-06-0178-01"	-0.445283935040516	-0.475672166629579	-0.200210468141318
"TCGA-08-0531-01"	-0.517273416265302	-0.63378816872542	-0.331335385501811
"TCGA-06-0190-01"	-0.410836968365512	-0.442568230278674	-0.129710073795037
"TCGA-02-2483-01"	-0.498536562044431	-0.559948840898816	-0.267740156039346
"TCGA-06-5417-01"	-0.523592530593839	-0.598447421569619	-0.407461241278245
"TCGA-02-0269-01"	-0.50957957705011	-0.625332032684547	-0.384981654550438
"TCGA-06-0158-01"	-0.497196958538219	-0.602336390598513	-0.234021188185694
"TCGA-06-0162-01"	-0.369496810800411	-0.371594164976667	-0.106658345091614
"TCGA-06-0208-01"	-0.506959131247253	-0.596734559604021	-0.283846770310289
"TCGA-06-6391-01"	-0.552088564806678	-0.57614699573875	-0.414140625806125
"TCGA-12-1600-01"	-0.5159705173382	-0.594297168431276	-0.325467202124227
"TCGA-14-0817-01"	-0.459822766676292	-0.472944783832002	-0.143160013770307
"TCGA-02-0052-01"	-0.244989431292998	-0.147514580250541	-0.0857574145716944
"TCGA-19-2619-01"	-0.520343344180128	-0.620831592458848	-0.327228637709242
"TCGA-16-1055-01"	-0.501848106762792	-0.521541271018191	-0.14871891403282
"TCGA-12-1088-01"	-0.444407151248612	-0.523845160617611	-0.168963347266097
"TCGA-02-0107-01"	-0.38308051691297	-0.349063367385218	-0.0121719657114884
"TCGA-06-0394-01"	-0.466799231503821	-0.532905803633255	-0.236313681522986
"TCGA-06-0128-01"	-0.463050272508436	-0.511184849673428	-0.262393762054211
"TCGA-06-0648-01"	-0.550359715516409	-0.635768398412179	-0.384902912327013
"TCGA-06-0676-11"	-0.508707953784662	-0.572240752937323	-0.463982488752516
"TCGA-28-5204-01"	-0.588388036458877	-0.61956318601027	-0.457207344278258
"TCGA-06-0745-01"	-0.486048266360723	-0.582956781017097	-0.290311136705731
"TCGA-06-0175-01"	-0.5351719576769	-0.631112997914942	-0.267776038785518
"TCGA-08-0627-11"	-0.513091351878956	-0.59367354640983	-0.454915830457312
"TCGA-06-1804-01"	-0.568233861543643	-0.655730018900495	-0.247931447419463
"TCGA-26-1439-01"	-0.500175707773453	-0.566876474069074	-0.196065470905049
"TCGA-06-0201-01"	-0.39791773571689	-0.454006481936218	0.00799039761760215
"TCGA-76-4931-01"	-0.506911387934465	-0.587089548473172	-0.250719521070283
"TCGA-12-0819-01"	-0.51950044798501	-0.57335174391059	-0.307194445992401
"TCGA-14-1823-01"	-0.402787615148607	-0.490805044421853	-0.151037498919865
"TCGA-08-0521-01"	-0.503658193228577	-0.544599365673573	-0.317037151773866
"TCGA-28-6450-01"	-0.549601386178803	-0.643294593778028	-0.336054379306334
"TCGA-02-0007-01"	-0.524743429221721	-0.58517003502932	-0.494638269298329
"TCGA-19-1390-01"	-0.553927775111913	-0.577608798583721	-0.426677927048652
"TCGA-08-0623-11"	-0.540555462935771	-0.592196217043958	-0.475664860150856
"TCGA-06-0156-01"	-0.422004326847271	-0.458880429429441	-0.114961086523279
"TCGA-06-0237-01"	-0.495400923313793	-0.55644374620844	-0.261818923905929
"TCGA-19-1385-01"	-0.50249623507476	-0.528388658587842	-0.18608864836774
"TCGA-76-4928-01"	-0.503862120970267	-0.60043319737898	-0.199704376158339
"TCGA-06-0686-01"	-0.558508498225796	-0.612139658761311	-0.352605612364936
"TCGA-02-0285-01"	-0.47998436302963	-0.560323070401753	-0.206338733571444
"TCGA-19-2623-01"	-0.494578055813167	-0.516115888797374	-0.203334832925293
"TCGA-06-0192-01"	-0.434589937571105	-0.515895139429693	-0.111708333302837
"TCGA-06-2558-01"	-0.523456417021312	-0.572293763006247	-0.309433100896512
"TCGA-28-1750-01"	-0.509011932129832	-0.590685921179221	-0.262516268405233
"TCGA-06-0644-01"	-0.433183038989509	-0.433556625903629	-0.100198537858789
"TCGA-06-0185-01"	-0.516143221246097	-0.622930867449244	-0.26267871377553
"TCGA-06-2570-01"	-0.551166318009967	-0.589763500178855	-0.270949208108617
"TCGA-12-3646-01"	-0.52473776749717	-0.590897670018967	-0.34597518528728
"TCGA-76-6282-01"	-0.387849164951659	-0.446746012117058	-0.0915127501098611
"TCGA-08-0518-01"	-0.533011336115546	-0.629989972390266	-0.365437077585221
"TCGA-02-2470-01"	-0.480545145143953	-0.47534070993036	-0.190205891354745
"TCGA-19-5954-01"	-0.461212112330605	-0.511472305386026	-0.197159092668148
"TCGA-06-0743-01"	-0.490994221823435	-0.536534555082623	-0.278889536386546
"TCGA-06-0680-11"	-0.516569983855465	-0.566186465060655	-0.415137245687927
"TCGA-06-0214-01"	-0.524064514294106	-0.580396748875296	-0.191154324881377
"TCGA-02-0003-01"	-0.0454827399314716	0.162408541457342	0.186737555729077
"TCGA-32-1979-01"	-0.488011077016451	-0.47660441425006	-0.185849359926117
"TCGA-19-0963-01"	-0.563956781723631	-0.650617036255076	-0.292903031475941
"TCGA-87-5896-01"	-0.501278976503736	-0.58237620053759	-0.329781980486946
"TCGA-06-1087-01"	-0.50147586098442	-0.579288764510116	-0.419557726739857
"TCGA-06-0675-11"	-0.532575086711034	-0.602911900546146	-0.41167949794061
"TCGA-41-2573-01"	-0.570046976035221	-0.614763297631254	-0.309014859104663
"TCGA-08-0350-01"	-0.475257231068252	-0.561583065300977	-0.254708132843319
"TCGA-06-0166-01"	-0.498269142519444	-0.579697088675483	-0.263063562968673
"TCGA-06-0189-01"	-0.438160563173297	-0.401644686352494	-0.0585380181268506
"TCGA-06-2569-01"	-0.576768214250125	-0.62829158083417	-0.397431532193655
"TCGA-19-0957-01"	-0.519696226509418	-0.561706747393083	-0.238664188135542
"TCGA-14-0865-01"	-0.535809455562031	-0.556227514730184	-0.406821376660681
"TCGA-16-1063-01"	-0.511470602777807	-0.576809140291322	-0.290894743066174
"TCGA-08-0354-01"	-0.45830122803478	-0.532220588161828	-0.237348997213128
"TCGA-76-4925-01"	-0.54378912291941	-0.606801358406229	-0.386845072354069
"TCGA-14-1396-01"	-0.494784737540945	-0.57730337833839	-0.306005782472565
"TCGA-12-0778-01"	-0.47464052247719	-0.551883141204385	-0.170622578581994
"TCGA-26-1443-01"	-0.494235076814089	-0.59219789178167	-0.379541831465082
"TCGA-02-0333-01"	-0.485642713829094	-0.590034632547096	-0.375257447523908
"TCGA-28-1752-01"	-0.479577739780345	-0.494252515309914	-0.154398704073735
"TCGA-12-3649-01"	-0.536059684383381	-0.615923509217727	-0.309026504057146
"TCGA-14-0790-01"	-0.514514723137098	-0.595065451640788	-0.281709101761989
"TCGA-28-2514-01"	-0.546571648590405	-0.612543292666953	-0.353342640789148
"TCGA-02-0085-01"	-0.490070518758593	-0.487496722287113	-0.15881811790362
"TCGA-06-5859-01"	-0.458859254193585	-0.502800441492322	-0.216324961568143
"TCGA-02-0326-01"	-0.400261055664129	-0.438280738017022	-0.253144609263202
"TCGA-02-0451-01"	-0.509956471193715	-0.565487085957917	-0.148681742854472
"TCGA-14-1459-01"	-0.458196447061577	-0.509887206230626	-0.2644282374529
"TCGA-08-0529-01"	-0.511241590789231	-0.574778935601689	-0.266375303853735
"TCGA-12-1093-01"	-0.466793475100595	-0.555519694719459	-0.158747427514931
"TCGA-32-1973-01"	-0.524299932061913	-0.523546243511283	-0.232152647536825
"TCGA-02-0046-01"	-0.278231857577366	-0.19008813037836	-0.00818169654190207
"TCGA-06-0879-01"	-0.507200167075344	-0.565277294808131	-0.258121169979322
"TCGA-12-1097-01"	-0.507858178945167	-0.579034676308769	-0.287513515556028
"TCGA-06-0673-11"	-0.556498899556765	-0.607205288724725	-0.472656005738404
"TCGA-14-0871-01"	-0.522077441448177	-0.625176910545894	-0.40957723806116
"TCGA-28-2510-01"	-0.576018959461584	-0.649855453670422	-0.358984126966213
"TCGA-08-0244-01"	-0.530907187309872	-0.58641456777367	-0.301208837070682
"TCGA-41-5651-01"	-0.551846922598472	-0.60911800944366	-0.418929069933808
"TCGA-76-6192-01"	-0.541182146028525	-0.619565343316475	-0.265222541282884
"TCGA-12-0772-01"	-0.477933833270791	-0.526131484472617	-0.224428748167248
"TCGA-12-0619-01"	-0.485075461909463	-0.546192220292038	-0.187685799480148
"TCGA-02-0016-01"	-0.525079556345229	-0.629252613738967	-0.332349970797451
"TCGA-02-0071-01"	-0.551112551531603	-0.639401870825764	-0.22514248787593
"TCGA-32-1977-01"	-0.448132279256867	-0.460040877397701	-0.0834845230350223
"TCGA-02-0080-01"	-0.523936348237428	-0.610774231048459	-0.427616758907526
"TCGA-32-1991-01"	-0.504494139675811	-0.562831868402229	-0.155380196925805
"TCGA-06-0147-01"	-0.1548527954602	-0.0247481494859529	0.206373243251399
"TCGA-06-0176-01"	-0.469248337556866	-0.514648176535477	-0.125741115307002
"TCGA-06-0210-01"	-0.481808693178878	-0.540921006827219	-0.209373228675752
"TCGA-02-0281-01"	-0.540726996562143	-0.559653049578644	-0.456606301863264
"TCGA-08-0626-11"	-0.543583908298098	-0.591497969210178	-0.469084828238567
"TCGA-32-1982-01"	-0.416074935426193	-0.377175509850794	-0.199266394071407
"TCGA-26-5135-01"	-0.507612819766494	-0.575203426273599	-0.260287295736826
"TCGA-02-0039-01"	-0.481741712323038	-0.561682082134536	-0.145929336520566
"TCGA-02-0099-01"	-0.478348791306349	-0.537340481937444	-0.229906723199852
"TCGA-28-5216-01"	-0.448574491441486	-0.453342689277544	-0.199141342594719
"TCGA-06-0142-01"	-0.532947013649133	-0.596711476555074	-0.315524211494767
"TCGA-02-0430-01"	-0.530878603793187	-0.602867887724192	-0.287315769324562
"TCGA-08-0517-01"	-0.56745613867027	-0.646077967052167	-0.315213836347209
"TCGA-08-0390-01"	-0.529034650548531	-0.581313948915635	-0.21146767849817
"TCGA-19-1789-01"	-0.484255268865385	-0.590877674392005	-0.368287715140489
"TCGA-02-0439-01"	-0.54730495573147	-0.644790521425569	-0.310775242242711
"TCGA-41-3392-01"	-0.516227159119985	-0.562621497168	-0.249797991276286
"TCGA-02-0064-01"	-0.437406943174608	-0.453621876389969	0.0508226443439075
"TCGA-08-0380-01"	-0.428839332981663	-0.490277774662485	-0.189377366986055
"TCGA-06-0939-01"	-0.381446708451336	-0.42434361381714	-0.0189298448297366
"TCGA-16-1056-01"	-0.505455936194951	-0.553908632307663	-0.283467421608191
"TCGA-27-1835-01"	-0.493235905785991	-0.57705492579239	-0.338582175512252
"TCGA-16-1062-01"	-0.501073148595908	-0.586713590179468	-0.333652083429226
"TCGA-06-0882-01"	-0.521779015649453	-0.614876485562541	-0.208047133919752
"TCGA-06-6390-01"	-0.467755177749659	-0.5451398465959	-0.185161044969108
"TCGA-06-2557-01"	-0.403390625526873	-0.370428969387647	-0.0743059772223503
"TCGA-02-0068-01"	-0.459487754228409	-0.552571813281251	-0.150806739339825
"TCGA-08-0509-01"	-0.419507983785141	-0.373777262231828	-0.0766738407477481
"TCGA-06-1801-01"	-0.521766181929614	-0.614036847259391	-0.373776284208988
"TCGA-06-0124-01"	-0.46528285591192	-0.586264438661715	-0.15582369674146
"TCGA-28-2509-01"	-0.506438239347565	-0.587508301045301	-0.330564788399559
"TCGA-26-5136-01"	-0.411377492108623	-0.518927538661046	-0.289629568346408
"TCGA-06-1805-01"	-0.491720410930937	-0.492471028962528	-0.0935208580558923
"TCGA-19-5959-01"	-0.544410758129673	-0.63793126780038	-0.367654791479817
"TCGA-02-0317-01"	-0.51466968955747	-0.638102976124686	-0.404911715916719
"TCGA-14-0813-01"	-0.555812190373628	-0.629247488580322	-0.336291299848341
"TCGA-06-0681-11"	-0.53537696615648	-0.582881760696932	-0.419429899761251
"TCGA-06-0409-01"	-0.401919691497619	-0.380136681407307	-0.0675848339703128
"TCGA-19-2629-01"	-0.494823130245386	-0.549846907136219	-0.234878814552009
"TCGA-15-1447-01"	-0.574717227674105	-0.616342942988448	-0.42908702900192
"TCGA-14-1825-01"	-0.528740719969352	-0.610559276248733	-0.402668888291563
"TCGA-06-5413-01"	-0.467997468290303	-0.45914907702501	-0.145130170068234
"TCGA-19-5947-01"	-0.406698185137387	-0.445934150967581	-0.0605616148964824
"TCGA-27-2523-01"	-0.514720549226549	-0.610323069804113	-0.336711482326066
"TCGA-12-0818-01"	-0.516404169771455	-0.569907973244127	-0.440846903694392
"TCGA-41-3915-01"	-0.469390753356852	-0.516134726166182	-0.162158819247744
"TCGA-19-1388-01"	-0.48628238281896	-0.503944776140325	-0.114787634934933
"TCGA-12-0820-01"	-0.502076164907047	-0.536133412720453	-0.294413244763166
"TCGA-14-1034-01"	-0.478302739181457	-0.572209419218271	-0.232076009451165
"TCGA-06-2566-01"	-0.530978116420014	-0.585170891187738	-0.209291767783088
"TCGA-02-0089-01"	-0.484590737530448	-0.555976233458783	-0.16930121427019
"TCGA-06-0646-01"	-0.512508838781379	-0.573539493796365	-0.204616220144341
"TCGA-15-1449-01"	-0.583971868424433	-0.622913321885512	-0.407437056350074
"TCGA-02-0048-01"	-0.552227414846922	-0.62165617078843	-0.388130090109155
"TCGA-06-0650-01"	-0.528577492080075	-0.576648572074021	-0.0996021331161994
"TCGA-08-0525-01"	-0.507165052346611	-0.591169611896081	-0.205073932380458
"TCGA-02-0060-01"	-0.322244536555018	-0.166432403040515	0.137377672207105
"TCGA-19-5952-01"	-0.524571526548267	-0.630465626080552	-0.249539726761368
"TCGA-32-2634-01"	-0.571818839675573	-0.69417634471282	-0.385912265852388
"TCGA-06-0197-01"	-0.414314726362645	-0.418755210349705	-0.0214465689548041
"TCGA-28-5207-01"	-0.0105975416664638	0.298043718601489	0.128012244098098
"TCGA-08-0352-01"	-0.548586775550234	-0.634994382607483	-0.207385856321376
"TCGA-02-0058-01"	-0.25015976970171	-0.135237991404554	0.0147075064987609
"TCGA-26-1438-01"	-0.399677270228006	-0.409343548276826	-0.0824714133512938
"TCGA-28-2513-01"	-0.416508130491306	-0.466240302404792	-0.0434962998682204
"TCGA-28-1751-01"	-0.438939891814646	-0.526538014619563	-0.154306991116559
"TCGA-12-3651-01"	-0.536565554251671	-0.557805524242922	-0.329090051538319
"TCGA-32-2495-01"	-0.547970940639184	-0.651514284481085	-0.271700248314496
"TCGA-19-0964-01"	-0.519717893732293	-0.605665127640439	-0.367541947546915
"TCGA-08-0346-01"	-0.479079831199424	-0.522127546912422	-0.178829963689052
"TCGA-27-1830-01"	-0.472988007623279	-0.534596587288668	-0.20002164741086
"TCGA-06-0184-01"	-0.480182578789236	-0.519510907784687	-0.179572711973643
"TCGA-12-3652-01"	-0.477335922157566	-0.570287550405893	-0.286074102874326
"TCGA-28-1755-01"	-0.49077086414162	-0.602664656935304	-0.409594686248715
"TCGA-14-3477-01"	-0.511493492851369	-0.54741612927716	-0.417830173472375
"TCGA-16-0849-01"	-0.505820173312635	-0.515238432515307	-0.284289218361299
"TCGA-14-1402-01"	-0.453911796539384	-0.552091917947809	-0.235157055959682
"TCGA-19-0962-01"	-0.534627585889713	-0.605719148044078	-0.330021862148908
"TCGA-06-2559-01"	-0.543512284489401	-0.629492669797324	-0.292514914003116
"TCGA-06-0747-01"	-0.550579671603021	-0.631308339842508	-0.336910363426833
"TCGA-06-1086-01"	-0.500700325750158	-0.548575429681495	-0.354168546149563
"TCGA-12-1091-01"	-0.488320017141106	-0.615546806864344	-0.284790243083337
"TCGA-16-0850-01"	-0.495089347145654	-0.581453694173483	-0.558829970716662
"TCGA-02-0087-01"	-0.495547663838548	-0.550224790080604	-0.276116476202172
"TCGA-06-0139-01"	-0.296853449629898	-0.244620491007586	0.256119804729858
"TCGA-06-0152-01"	-0.422940317872189	-0.520593310553681	-0.228410976188226
"TCGA-76-4927-01"	-0.409297047760048	-0.428995622631827	-0.163173029425834
"TCGA-02-0104-01"	-0.539986527960073	-0.582596005326551	-0.428095711162091
"TCGA-12-0670-01"	-0.49252898448338	-0.543690850582811	-0.300387334809114
"TCGA-14-1458-01"	-0.508074884282291	-0.575345890679488	-0.412180285927018
"TCGA-02-0004-01"	-0.428524783448581	-0.417334687786722	-0.031187346520687
"TCGA-12-3648-01"	-0.486773809423995	-0.542938680144198	-0.246600429791599
"TCGA-41-2572-01"	-0.502399477652556	-0.57914803435028	-0.218277492533016
"TCGA-06-0130-01"	-0.331750836119465	-0.235809429304873	0.113823123525708
"TCGA-06-0749-01"	-0.527920248494864	-0.580389820636928	-0.245630489831644
"TCGA-19-4068-01"	-0.504376112874184	-0.559425475082259	-0.215531255999976
"TCGA-06-0167-01"	-0.534077162595138	-0.602671751474858	-0.390510592014703
"TCGA-12-3644-01"	-0.426474166379711	-0.444270102941878	-0.222831221583457
"TCGA-12-0829-01"	-0.426248194390299	-0.443078354184625	-0.169163015310384
"TCGA-14-1821-01"	-0.500863465078592	-0.507212119323663	-0.492633158206845
"TCGA-12-0776-01"	-0.4294461760003	-0.417198810170271	-0.0416760201932507
"TCGA-28-2501-01"	-0.546684880639706	-0.638545991516374	-0.112924931408551
"TCGA-14-1451-01"	-0.510847175133347	-0.599417167654719	-0.237351414030035
"TCGA-12-5301-01"	-0.500228997191499	-0.548487004258327	-0.291120377991332
"TCGA-32-1976-01"	-0.553625639937688	-0.564150573646362	-0.329102917254658
"TCGA-27-2519-01"	-0.450789485155321	-0.515985298176837	-0.101381418808427
"TCGA-02-0102-01"	-0.525681397712545	-0.623979798455972	-0.327230223755968
"TCGA-02-0023-01"	-0.498626048841662	-0.557663162370532	-0.225322510802199
"TCGA-19-1387-01"	-0.542752024331438	-0.633683352093736	-0.338595168775476
"TCGA-02-0034-01"	-0.171094825672657	-0.0313200113627302	0.0888560024701431
"TCGA-12-1598-01"	-0.51633804489159	-0.594993735342215	-0.254565893255114
"TCGA-16-1048-01"	-0.547981027617536	-0.625696060365562	-0.299045296112828
"TCGA-06-0878-01"	-0.480839102041377	-0.563645736337305	-0.158320470553175
"TCGA-12-1092-01"	-0.315333697978954	-0.281508422221571	-0.113611106340245
"TCGA-08-0375-01"	-0.476718613665923	-0.527082174952806	-0.287965302283359
"TCGA-06-5416-01"	-0.50644490484281	-0.55741376599924	-0.409371678234485
"TCGA-19-5956-01"	-0.538072136436964	-0.58927277045341	-0.51682609657146
"TCGA-27-1837-01"	-0.525060357105034	-0.603400343033198	-0.22497659706345
"TCGA-02-0266-01"	-0.473739800535512	-0.549788728805159	-0.356856920873926
"TCGA-08-0356-01"	-0.477736905462404	-0.542921224418565	-0.152860827778921
"TCGA-28-1745-01"	-0.347710148340006	-0.286388514344246	-0.19358476263055
"TCGA-02-0321-01"	-0.494318280062355	-0.545069918419095	-0.348935575248063
"TCGA-32-2491-01"	-0.542438367058602	-0.613381769573483	-0.148176474067486
"TCGA-06-0143-01"	-0.454203663393357	-0.515523668425371	-0.0951188050364026
"TCGA-08-0516-01"	-0.524581685992009	-0.627071876082807	-0.311684916031685
"TCGA-08-0385-01"	-0.495013794345456	-0.592118564890963	-0.422916265047164
"TCGA-06-0164-01"	-0.474632746792963	-0.462061294125637	-0.0913092754356013
"TCGA-02-0111-01"	-0.427026441662948	-0.409636423562166	-0.09880637321326
"TCGA-08-0512-01"	-0.408863382278879	-0.475553564219294	-0.164304100203774
"TCGA-19-0955-01"	-0.53945987469718	-0.61960939846707	-0.270402966865427
"TCGA-14-0781-01"	-0.501678896168879	-0.594488843336497	-0.208407754160894
"TCGA-02-0047-01"	-0.549620570104002	-0.58465218378607	-0.435149544123355
"TCGA-06-0412-01"	-0.45103341204101	-0.537657663927766	-0.116575065058907
"TCGA-06-0129-01"	-0.520352254436676	-0.561462774806565	-0.19024849355118
"TCGA-02-0325-01"	-0.521042690739822	-0.57883653820568	-0.342327680895149
"TCGA-12-1095-01"	-0.476415612980965	-0.538206815049994	-0.0826515334265814
"TCGA-02-0027-01"	-0.232361170036835	0.0164831400174003	0.130999470021699
